S,B,is_validation,oom,peak_allocated,latency_median_s,latency_n,energy_j
32,1,False,False,13745664.0,0.000587493000239192,50.0,
32,2,False,False,13761024.0,0.0005196055008127587,50.0,
32,4,False,False,13791744.0,0.0008640730002298369,50.0,
64,1,False,False,13782528.0,0.0009791219999897294,50.0,
80,1,True,False,13810176.0,0.0006070135004847543,50.0,
32,8,False,False,13853184.0,0.0008332029992743628,50.0,
64,2,False,False,13834752.0,0.0008241400000770227,50.0,
80,2,True,False,13890048.0,0.0008393460002480424,50.0,
32,16,False,False,13976064.0,0.0010991125000145985,50.0,
64,4,False,False,18809344.0,0.0009715774995129323,50.0,
128,1,False,False,13929984.0,0.0008801280000625411,50.0,
80,4,True,False,24332800.0,0.001053076000061992,50.0,
32,32,False,False,14909952.0,0.0012151270002505044,50.0,
64,8,False,False,19399168.0,0.0011931185008506873,50.0,
128,2,False,False,14909952.0,0.0012288395009818487,50.0,
208,1,True,False,15623680.0,0.00126337700021395,50.0,
224,1,False,False,16093696.0,0.001443731000108528,50.0,
80,8,True,False,25254400.0,0.0013830274992869818,50.0,
32,64,False,False,17138176.0,0.0019060484992223792,50.0,
64,16,False,False,20578816.0,0.0017135654998128302,50.0,
128,4,False,False,17138176.0,0.0015917424998406204,50.0,
256,1,False,False,17138176.0,0.0016153064998434274,50.0,
208,2,True,False,18565632.0,0.0022657105000689626,50.0,
304,1,True,False,18966016.0,0.002119672501066816,50.0,
224,2,False,False,19505664.0,0.002789615499750653,50.0,
80,16,True,False,27097600.0,0.00228330099980667,50.0,
320,1,True,False,19644928.0,0.002186595000239322,50.0,
32,111,True,False,20410880.0,0.003406222500416334,50.0,
32,128,False,False,21594624.0,0.003878676999192976,50.0,
64,32,False,False,27091456.0,0.002788031500131183,50.0,
128,8,False,False,21594624.0,0.0029804584992234595,50.0,
256,2,False,False,21594624.0,0.0029465634997905,50.0,
32,133,True,False,22774272.0,0.003968445000282372,50.0,
32,139,True,False,22774272.0,0.004151128499870538,50.0,
384,1,False,False,22774272.0,0.0032941265008048504,50.0,
208,4,True,False,24449536.0,0.003930643000785494,50.0,
304,2,True,False,25731584.0,0.004043285499392368,50.0,
224,4,False,False,26329600.0,0.004373576500256604,50.0,
80,32,True,False,41026048.0,0.003754965999178239,50.0,
320,2,True,False,26608128.0,0.003929270999833534,50.0,
32,256,False,False,40772096.0,0.00633946499965532,50.0,
64,64,False,False,40772096.0,0.004472529500162636,50.0,
128,16,False,False,40772096.0,0.004474794999623555,50.0,
256,4,False,False,31162880.0,0.004542162999314314,50.0,
512,1,False,False,31162880.0,0.00472031900062575,50.0,
384,2,False,False,32735744.0,0.005288258000291535,50.0,
208,8,True,False,36217344.0,0.006124461000581505,50.0,
304,4,True,False,38572544.0,0.006728236499839113,50.0,
224,8,False,False,39977472.0,0.006934924499546469,50.0,
80,64,True,False,66191872.0,0.006859209001049749,50.0,
320,4,True,False,40534528.0,0.007539102000009734,50.0,
64,111,True,False,61506048.0,0.007910093500868243,50.0,
64,128,False,False,67207680.0,0.009502441999757139,50.0,
128,32,False,False,67207680.0,0.008966328000497015,50.0,
256,8,False,False,48333312.0,0.00972959249975247,50.0,
512,2,False,False,48333312.0,0.010396098500677908,50.0,
64,133,True,False,71057920.0,0.01051513550009986,50.0,
64,139,True,False,71942656.0,0.010743523001110589,50.0,
384,4,False,False,52789760.0,0.0109792324992668,50.0,
208,16,True,False,76366336.0,0.011152052499710408,50.0,
80,111,True,False,105364992.0,0.012371019500278635,50.0,
304,8,True,False,62956032.0,0.014728977500453766,50.0,
224,16,False,False,94470656.0,0.014454391999606742,50.0,
80,128,True,False,118579712.0,0.014663779999864346,50.0,
320,8,True,False,69698048.0,0.01605438300066453,50.0,
80,133,True,False,129308160.0,0.015679771499890194,50.0,
80,139,True,False,131137024.0,0.01632251750015712,50.0,
64,256,False,False,118268416.0,0.019715237500349758,50.0,
128,64,False,False,113345024.0,0.01865919799911353,50.0,
256,16,False,False,118268416.0,0.017668651999883878,50.0,
512,4,False,False,83984896.0,0.02135724100025982,50.0,
384,8,False,False,94077440.0,0.023877310500211024,50.0,
208,32,True,False,139747840.0,0.022958104500503396,50.0,
304,16,True,False,152650240.0,0.025159287500173377,50.0,
224,32,False,False,173625856.0,0.02820248999978503,50.0,
80,256,True,False,223707648.0,0.030435340500844177,50.0,
320,16,True,False,158695936.0,0.028355045500575216,50.0,
128,111,True,False,180208128.0,0.034078371999385126,50.0,
128,128,False,False,204046848.0,0.03763716649973503,50.0,
256,32,False,False,222470656.0,0.03832450050049374,50.0,
512,8,False,False,155288064.0,0.04170329649969062,48.0,
128,133,True,False,211960320.0,0.04123068999979296,49.0,
128,139,True,False,221151744.0,0.04365841999970144,46.0,
384,16,False,False,226591232.0,0.041409803001442924,49.0,
208,64,True,False,264602112.0,0.04831162349910301,42.0,
304,32,True,False,290095616.0,0.05277624350037513,38.0,
224,64,False,False,334856704.0,0.060161770000377146,34.0,
320,32,True,False,302088704.0,0.0583462110007531,35.0,
128,256,False,False,386499072.0,0.07957998649999354,26.0,
256,64,False,False,430875136.0,0.07690320099936798,27.0,
512,16,False,False,398686720.0,0.07662889400126005,27.0,
384,32,False,False,435212800.0,0.08508854350020556,24.0,
208,111,True,False,339996160.0,0.08316197499880218,25.0,
208,128,True,False,390955520.0,0.09435523699994519,22.0,
224,111,True,False,391717376.0,0.09742335850023665,22.0,
208,133,True,False,404849152.0,0.09342775299955974,21.0,
304,64,True,False,416121344.0,0.09850233500037575,21.0,
208,139,True,False,422487552.0,0.10325335549987358,20.0,
224,128,False,False,450986496.0,0.10729376900053467,19.0,
320,64,True,False,459375104.0,0.10828614000092784,19.0,
224,133,True,False,467014144.0,0.11042857500069658,19.0,
224,139,True,False,487965184.0,0.10832292400027654,18.0,
256,111,True,False,509706752.0,0.11852566500056128,17.0,
256,128,False,False,583107072.0,0.1318585040007747,16.0,
512,32,False,False,783307264.0,0.1450880735010287,14.0,
256,133,True,False,606700032.0,0.15908486400076072,13.0,
256,139,True,False,633700864.0,0.16604365650073305,12.0,
384,64,False,False,654410240.0,0.16701714100054232,12.0,
304,111,True,False,711862784.0,0.18426560999978392,11.0,
208,256,True,False,766870016.0,0.190649404999931,11.0,
320,111,True,False,786186752.0,0.20569774950035935,10.0,
304,128,True,False,818774528.0,0.20189157650020206,10.0,
304,133,True,False,850140672.0,0.22258782599965343,10.0,
224,256,False,False,887194112.0,0.2162545074997979,10.0,
304,139,True,False,887237120.0,0.2339049364991297,10.0,
320,128,True,False,903971328.0,0.23882169599892222,10.0,
320,133,True,False,939622912.0,0.244979222999973,10.0,
320,139,True,False,981418496.0,0.2563427479999518,10.0,
384,111,True,False,1127186944.0,0.30588367900054436,10.0,
256,256,False,False,1153532416.0,0.30524293999951624,10.0,
512,64,False,False,1153532416.0,0.293975294500342,10.0,
384,128,False,False,1296138752.0,0.3426495840003554,10.0,
384,133,True,False,1347453440.0,0.37079276100030256,10.0,
384,139,True,False,1406960128.0,0.3619817124999827,10.0,
304,256,True,False,1622508032.0,0.42160358049932256,10.0,
320,256,True,False,1795260928.0,0.4848475924991362,10.0,
512,111,True,False,1992393216.0,0.5674774200006141,10.0,
512,128,False,False,2294383104.0,0.6026942624994263,10.0,
512,133,True,False,2384560640.0,0.7102023690003989,10.0,
512,139,True,False,2491515392.0,0.705711245999737,10.0,
384,256,False,False,2579595776.0,0.7514143244998195,10.0,
512,256,False,True,,,,
