S,B,is_validation,oom,peak_allocated,latency_median_s,energy_j
32,1,False,False,13745152,0.0006898104999777388,0.02788409806190353
32,2,False,False,18874368,0.0006082479999918178,0.026116732046445892
32,4,False,False,19095552,0.0007614114999796584,0.02459616060324978
64,1,False,False,23969792,0.0005058485000404289,0.027413409519054778
80,1,True,False,24052736,0.0004894415000080699,0.03340171393663533
32,8,False,False,19537920,0.0008098009999457645,0.026358011733915998
64,2,False,False,24117248,0.0004988669999761441,0.030911772523302985
80,2,True,False,24283136,0.0005923770000322293,0.03667711854653172
32,16,False,False,14843904,0.0004912395000360448,0.029098615375762176
64,4,False,False,24903680,0.0006400099999837039,0.03827163335001473
128,1,False,False,24412160,0.0006040664999886758,0.039241386721585246
80,4,True,False,25235456,0.0005460459999540035,0.037336806630208295
32,32,False,False,15958016,0.0005994135000264578,0.0392264959578623
64,8,False,False,17793536,0.0006288690000246788,0.04411641989402399
128,2,False,False,17794048,0.0005330810000145902,0.03564476607067492
208,1,True,False,18340352,0.0005144685000004756,0.038313677749435324
224,1,False,False,18699776,0.0005329225000423321,0.04549279002920772
80,8,True,False,18752000,0.0005347029999711594,0.044386676082198005
32,64,False,False,18186240,0.0007935744999940653,0.05392379098037377
64,16,False,False,19497472,0.000568305000001601,0.03904859588484855
128,4,False,False,19497984,0.0006274364999967474,0.04475154623881335
256,1,False,False,19499008,0.0005393789999743603,0.03609363860496732
208,2,True,False,20590080,0.0006721699999161501,0.046454521468570924
304,1,True,False,20897280,0.0006826024999782021,0.04676455713081824
224,2,False,False,21308928,0.0007045199999424767,0.05215076305107681
80,16,True,False,20692992,0.0008623164999903565,0.05585852183935681
320,1,True,False,21416448,0.0007301009999309827,0.048131538495023204
32,111,True,False,52963840,0.0020457245000216062,0.13778077315885331
32,128,False,False,59342848,0.0022987279999711063,0.16162336809615419
64,32,False,False,22642688,0.000930614000026253,0.08428799296300134
128,8,False,False,22642688,0.0009753305000117507,0.0661048821368653
256,2,False,False,22906880,0.0007818495000151415,0.05552942301865708
32,133,True,False,61665280,0.0024306045000344056,0.16091190429270777
32,139,True,False,62755328,0.002515597500007516,0.16754325723167196
384,1,False,False,23822336,0.0009293550000393225,0.06331357577912647
208,4,True,False,25497600,0.001212044999988393,0.0816159873786358
304,2,True,False,26779648,0.0013735100000076272,0.08681918268549314
224,4,False,False,27377664,0.0013527545000329155,0.0880752686170056
80,32,True,False,27656192,0.001401992000012342,0.09107773017130565
320,2,True,False,27656192,0.0014109255000676058,0.09216887083878303
32,256,False,False,103669760,0.004385977499964611,0.29046826093331773
64,64,False,False,32210944,0.0016491179999889027,0.11068068606608125
128,16,False,False,32210944,0.0016300505000117482,0.10778635423480537
256,4,False,False,32210944,0.0015893945000016174,0.10507760419395164
512,1,False,False,32210944,0.0015747680000117725,0.10303271986843207
384,2,False,False,33783808,0.0018247930000256929,0.1199748961555031
208,8,True,False,37265408,0.0022973680000291097,0.15119178796813873
304,4,True,False,39620608,0.00240314650000073,0.1555388114732439
224,8,False,False,41025536,0.0025629845000025853,0.16678212198097087
80,64,True,False,41582592,0.0025932940000075178,0.172666619052049
320,4,True,False,41582592,0.0025489590000233875,0.16421565493403165
64,111,True,False,68098560,0.004466313999955673,0.3041221864637145
64,128,False,False,76644352,0.005106218000037188,0.3455418172211125
128,32,False,False,49381376,0.0032548135000070033,0.20665578553097635
256,8,False,False,49381376,0.0031819580000274073,0.20851409077684901
512,2,False,False,49381376,0.0030252370000880546,0.20177936857904466
64,133,True,False,79642624,0.005430422999893381,0.3646670838388118
64,139,True,False,82199040,0.005569567000065945,0.37282713782734095
384,4,False,False,53837824,0.003396371500116402,0.22405450489050202
208,16,True,False,61718528,0.004368790000057743,0.2851463152146129
80,111,True,False,79556096,0.007577121999929659,0.5133746243015678
304,8,True,False,64004096,0.004526360999989265,0.2987108779852503
224,16,False,False,68780032,0.00486254200006897,0.31509837420600345
80,128,True,False,90931200,0.00844625900003848,0.5721538271928843
320,8,True,False,70746112,0.004840387499939425,0.3178641701566309
80,133,True,False,93150208,0.009171063000053437,0.6128331055607661
80,139,True,False,96527872,0.00935637550003321,0.6243244594742147
64,256,False,False,138272768,0.009885815000075127,0.6614655124589955
128,64,False,False,119316480,0.00594907400000011,0.39591720854848994
256,16,False,False,119316480,0.005787634500052263,0.3788687934425996
512,4,False,False,85032960,0.00597424650004541,0.3985351657245637
384,8,False,False,95125504,0.006832689500015476,0.4512588295203504
208,32,True,False,140795904,0.007476823499928287,0.495519100136543
304,16,True,False,153698304,0.007901895500026512,0.5259327611984028
224,32,False,False,174673920,0.008862687000032565,0.599195324588353
80,256,True,False,223707136,0.016202635500008,1.0781555559617808
320,16,True,False,159744000,0.008331627499956085,0.5591234718619706
128,111,True,False,197140480,0.014603741500081924,0.9881170343414198
128,128,False,False,223518720,0.016603167999960533,1.11966070529899
256,32,False,False,223518720,0.010923180500071794,0.7335534695216253
512,8,False,False,156336128,0.01170240700002978,0.7762417656655941
128,133,True,False,243957760,0.017977235999978802,1.2049989582038365
128,139,True,False,246710272,0.01826715899994724,1.2319664234408962
384,16,False,False,227639296,0.012389019000011103,0.8377277960012808
208,64,True,False,265650176,0.014218763999906514,0.9670011215896362
304,32,True,False,291143680,0.015481608499953836,1.0417496297530873
224,64,False,False,335904768,0.017073068500053523,1.1534123921590493
320,32,True,False,303136768,0.016162889000042924,1.1038943222900912
128,256,False,False,431923200,0.0333781799999997,2.2342413624623445
256,64,False,False,431923200,0.021374600499939334,1.453738165085483
512,16,False,False,399734784,0.020906144500031587,1.4132305255908766
384,32,False,False,436260864,0.023901715500073806,1.6166690185240058
208,111,True,False,450415616,0.036404514499963625,2.4584598647534164
208,128,True,False,514170880,0.041216277999978956,2.7985984445842553
224,111,True,False,572041216,0.04542314349998833,3.0836771698738246
208,133,True,False,559153152,0.044281388500053254,2.9793510009948205
304,64,True,False,565706752,0.030267135000144663,2.064385862218657
208,139,True,False,568402944,0.04612255400002141,3.107238759510424
224,128,False,False,655458304,0.05146144349998849,3.479644406718023
320,64,True,False,588513280,0.0324054074999367,2.2077985866508314
224,133,True,False,713443328,0.05621683300000768,3.8105578037970034
224,139,True,False,725121024,0.057754844000101,3.8789643878157687
256,111,True,False,744529920,0.05657432200007406,3.861256962320832
256,128,False,False,848732160,0.06382297750008092,4.353348948116386
512,32,False,False,784355328,0.04173741700003575,2.8216515748519546
256,133,True,False,928612352,0.06967964899990875,4.70810403010494
256,139,True,False,943030272,0.07157416999996258,4.836851405801758
384,64,False,False,857407488,0.047197519999940596,3.2214392612824625
304,111,True,False,973778944,0.08088622150000901,5.518704499547816
208,256,True,False,1013284864,0.08509578099994997,5.714892401810002
320,111,True,False,1013630976,0.09052300049995665,6.165116757084454
304,128,True,False,1114464256,0.09176742550005201,6.27922945039189
304,133,True,False,1216093184,0.09990101900007176,6.673324788983845
224,256,False,False,1292992512,0.10556693500006986,7.134806597721903
304,139,True,False,1236387840,0.10300088099995719,6.8927417938471125
320,128,True,False,1159815168,0.10248836350001511,7.219499084590838
320,133,True,False,1263632384,0.11130914199998188,7.51197467838855
320,139,True,False,1286160384,0.11504046650009059,7.778074347237024
384,111,True,False,1484802048,0.12701823149996017,8.6403867118216
256,256,False,False,1683062784,0.13013348149991089,8.741329005839756
512,64,False,False,1553596416,0.08353452549999929,5.688152961616009
384,128,False,False,1699840000,0.1439075004999495,9.843481691158233
384,133,True,False,1853390848,0.15612650300010955,10.468319219255534
384,139,True,False,1884061696,0.16148524200002612,10.915569327037304
304,256,True,False,2213552128,0.18586663099995349,12.514250476499873
320,256,True,False,2304516096,0.2077524064999352,13.942841066985988
512,111,True,False,2699069440,0.22516984900005355,15.446777943295311
512,128,False,False,3092348928,0.25624420850010665,17.484092910436747
512,133,True,False,3373938688,0.2780826770000431,18.794597068851765
512,139,True,False,3430561792,0.28761903299994174,19.524766352703782
384,256,False,False,3384287232,0.2942352599999367,19.69394642315664
512,256,False,False,6169042944,0.5211660224999832,35.2083055364451
